--
-- PostgreSQL database dump
--

-- Dumped from database version 16.9 (Homebrew)
-- Dumped by pg_dump version 16.9 (Homebrew)

SET statement_timeout = 0;
SET lock_timeout = 0;
SET idle_in_transaction_session_timeout = 0;
SET client_encoding = 'UTF8';
SET standard_conforming_strings = on;
SELECT pg_catalog.set_config('search_path', '', false);
SET check_function_bodies = false;
SET xmloption = content;
SET client_min_messages = warning;
SET row_security = off;

SET default_tablespace = '';

SET default_table_access_method = heap;

--
-- Name: auth_group; Type: TABLE; Schema: public; Owner: postgres
--

CREATE TABLE public.auth_group (
    id integer NOT NULL,
    name character varying(150) NOT NULL
);


ALTER TABLE public.auth_group OWNER TO postgres;

--
-- Name: auth_group_id_seq; Type: SEQUENCE; Schema: public; Owner: postgres
--

ALTER TABLE public.auth_group ALTER COLUMN id ADD GENERATED BY DEFAULT AS IDENTITY (
    SEQUENCE NAME public.auth_group_id_seq
    START WITH 1
    INCREMENT BY 1
    NO MINVALUE
    NO MAXVALUE
    CACHE 1
);


--
-- Name: auth_group_permissions; Type: TABLE; Schema: public; Owner: postgres
--

CREATE TABLE public.auth_group_permissions (
    id bigint NOT NULL,
    group_id integer NOT NULL,
    permission_id integer NOT NULL
);


ALTER TABLE public.auth_group_permissions OWNER TO postgres;

--
-- Name: auth_group_permissions_id_seq; Type: SEQUENCE; Schema: public; Owner: postgres
--

ALTER TABLE public.auth_group_permissions ALTER COLUMN id ADD GENERATED BY DEFAULT AS IDENTITY (
    SEQUENCE NAME public.auth_group_permissions_id_seq
    START WITH 1
    INCREMENT BY 1
    NO MINVALUE
    NO MAXVALUE
    CACHE 1
);


--
-- Name: auth_permission; Type: TABLE; Schema: public; Owner: postgres
--

CREATE TABLE public.auth_permission (
    id integer NOT NULL,
    name character varying(255) NOT NULL,
    content_type_id integer NOT NULL,
    codename character varying(100) NOT NULL
);


ALTER TABLE public.auth_permission OWNER TO postgres;

--
-- Name: auth_permission_id_seq; Type: SEQUENCE; Schema: public; Owner: postgres
--

ALTER TABLE public.auth_permission ALTER COLUMN id ADD GENERATED BY DEFAULT AS IDENTITY (
    SEQUENCE NAME public.auth_permission_id_seq
    START WITH 1
    INCREMENT BY 1
    NO MINVALUE
    NO MAXVALUE
    CACHE 1
);


--
-- Name: auth_user; Type: TABLE; Schema: public; Owner: postgres
--

CREATE TABLE public.auth_user (
    id integer NOT NULL,
    password character varying(128) NOT NULL,
    last_login timestamp with time zone,
    is_superuser boolean NOT NULL,
    username character varying(150) NOT NULL,
    first_name character varying(150) NOT NULL,
    last_name character varying(150) NOT NULL,
    email character varying(254) NOT NULL,
    is_staff boolean NOT NULL,
    is_active boolean NOT NULL,
    date_joined timestamp with time zone NOT NULL
);


ALTER TABLE public.auth_user OWNER TO postgres;

--
-- Name: auth_user_groups; Type: TABLE; Schema: public; Owner: postgres
--

CREATE TABLE public.auth_user_groups (
    id bigint NOT NULL,
    user_id integer NOT NULL,
    group_id integer NOT NULL
);


ALTER TABLE public.auth_user_groups OWNER TO postgres;

--
-- Name: auth_user_groups_id_seq; Type: SEQUENCE; Schema: public; Owner: postgres
--

ALTER TABLE public.auth_user_groups ALTER COLUMN id ADD GENERATED BY DEFAULT AS IDENTITY (
    SEQUENCE NAME public.auth_user_groups_id_seq
    START WITH 1
    INCREMENT BY 1
    NO MINVALUE
    NO MAXVALUE
    CACHE 1
);


--
-- Name: auth_user_id_seq; Type: SEQUENCE; Schema: public; Owner: postgres
--

ALTER TABLE public.auth_user ALTER COLUMN id ADD GENERATED BY DEFAULT AS IDENTITY (
    SEQUENCE NAME public.auth_user_id_seq
    START WITH 1
    INCREMENT BY 1
    NO MINVALUE
    NO MAXVALUE
    CACHE 1
);


--
-- Name: auth_user_user_permissions; Type: TABLE; Schema: public; Owner: postgres
--

CREATE TABLE public.auth_user_user_permissions (
    id bigint NOT NULL,
    user_id integer NOT NULL,
    permission_id integer NOT NULL
);


ALTER TABLE public.auth_user_user_permissions OWNER TO postgres;

--
-- Name: auth_user_user_permissions_id_seq; Type: SEQUENCE; Schema: public; Owner: postgres
--

ALTER TABLE public.auth_user_user_permissions ALTER COLUMN id ADD GENERATED BY DEFAULT AS IDENTITY (
    SEQUENCE NAME public.auth_user_user_permissions_id_seq
    START WITH 1
    INCREMENT BY 1
    NO MINVALUE
    NO MAXVALUE
    CACHE 1
);


--
-- Name: django_admin_log; Type: TABLE; Schema: public; Owner: postgres
--

CREATE TABLE public.django_admin_log (
    id integer NOT NULL,
    action_time timestamp with time zone NOT NULL,
    object_id text,
    object_repr character varying(200) NOT NULL,
    action_flag smallint NOT NULL,
    change_message text NOT NULL,
    content_type_id integer,
    user_id integer NOT NULL,
    CONSTRAINT django_admin_log_action_flag_check CHECK ((action_flag >= 0))
);


ALTER TABLE public.django_admin_log OWNER TO postgres;

--
-- Name: django_admin_log_id_seq; Type: SEQUENCE; Schema: public; Owner: postgres
--

ALTER TABLE public.django_admin_log ALTER COLUMN id ADD GENERATED BY DEFAULT AS IDENTITY (
    SEQUENCE NAME public.django_admin_log_id_seq
    START WITH 1
    INCREMENT BY 1
    NO MINVALUE
    NO MAXVALUE
    CACHE 1
);


--
-- Name: django_content_type; Type: TABLE; Schema: public; Owner: postgres
--

CREATE TABLE public.django_content_type (
    id integer NOT NULL,
    app_label character varying(100) NOT NULL,
    model character varying(100) NOT NULL
);


ALTER TABLE public.django_content_type OWNER TO postgres;

--
-- Name: django_content_type_id_seq; Type: SEQUENCE; Schema: public; Owner: postgres
--

ALTER TABLE public.django_content_type ALTER COLUMN id ADD GENERATED BY DEFAULT AS IDENTITY (
    SEQUENCE NAME public.django_content_type_id_seq
    START WITH 1
    INCREMENT BY 1
    NO MINVALUE
    NO MAXVALUE
    CACHE 1
);


--
-- Name: django_migrations; Type: TABLE; Schema: public; Owner: postgres
--

CREATE TABLE public.django_migrations (
    id bigint NOT NULL,
    app character varying(255) NOT NULL,
    name character varying(255) NOT NULL,
    applied timestamp with time zone NOT NULL
);


ALTER TABLE public.django_migrations OWNER TO postgres;

--
-- Name: django_migrations_id_seq; Type: SEQUENCE; Schema: public; Owner: postgres
--

ALTER TABLE public.django_migrations ALTER COLUMN id ADD GENERATED BY DEFAULT AS IDENTITY (
    SEQUENCE NAME public.django_migrations_id_seq
    START WITH 1
    INCREMENT BY 1
    NO MINVALUE
    NO MAXVALUE
    CACHE 1
);


--
-- Name: django_session; Type: TABLE; Schema: public; Owner: postgres
--

CREATE TABLE public.django_session (
    session_key character varying(40) NOT NULL,
    session_data text NOT NULL,
    expire_date timestamp with time zone NOT NULL
);


ALTER TABLE public.django_session OWNER TO postgres;

--
-- Name: store_cart; Type: TABLE; Schema: public; Owner: postgres
--

CREATE TABLE public.store_cart (
    id bigint NOT NULL,
    session_key character varying(32),
    user_id integer
);


ALTER TABLE public.store_cart OWNER TO postgres;

--
-- Name: store_cart_id_seq; Type: SEQUENCE; Schema: public; Owner: postgres
--

ALTER TABLE public.store_cart ALTER COLUMN id ADD GENERATED BY DEFAULT AS IDENTITY (
    SEQUENCE NAME public.store_cart_id_seq
    START WITH 1
    INCREMENT BY 1
    NO MINVALUE
    NO MAXVALUE
    CACHE 1
);


--
-- Name: store_cartitem; Type: TABLE; Schema: public; Owner: postgres
--

CREATE TABLE public.store_cartitem (
    id bigint NOT NULL,
    quantity integer NOT NULL,
    cart_id bigint NOT NULL,
    product_id bigint NOT NULL,
    CONSTRAINT store_cartitem_quantity_check CHECK ((quantity >= 0))
);


ALTER TABLE public.store_cartitem OWNER TO postgres;

--
-- Name: store_cartitem_id_seq; Type: SEQUENCE; Schema: public; Owner: postgres
--

ALTER TABLE public.store_cartitem ALTER COLUMN id ADD GENERATED BY DEFAULT AS IDENTITY (
    SEQUENCE NAME public.store_cartitem_id_seq
    START WITH 1
    INCREMENT BY 1
    NO MINVALUE
    NO MAXVALUE
    CACHE 1
);


--
-- Name: store_category; Type: TABLE; Schema: public; Owner: postgres
--

CREATE TABLE public.store_category (
    id bigint NOT NULL,
    name character varying(100) NOT NULL,
    description text NOT NULL
);


ALTER TABLE public.store_category OWNER TO postgres;

--
-- Name: store_category_id_seq; Type: SEQUENCE; Schema: public; Owner: postgres
--

ALTER TABLE public.store_category ALTER COLUMN id ADD GENERATED BY DEFAULT AS IDENTITY (
    SEQUENCE NAME public.store_category_id_seq
    START WITH 1
    INCREMENT BY 1
    NO MINVALUE
    NO MAXVALUE
    CACHE 1
);


--
-- Name: store_order; Type: TABLE; Schema: public; Owner: postgres
--

CREATE TABLE public.store_order (
    id bigint NOT NULL,
    recipient_name character varying(100) NOT NULL,
    address text NOT NULL,
    phone_number character varying(15) NOT NULL,
    email character varying(254),
    created_at timestamp with time zone NOT NULL,
    user_id integer
);


ALTER TABLE public.store_order OWNER TO postgres;

--
-- Name: store_order_id_seq; Type: SEQUENCE; Schema: public; Owner: postgres
--

ALTER TABLE public.store_order ALTER COLUMN id ADD GENERATED BY DEFAULT AS IDENTITY (
    SEQUENCE NAME public.store_order_id_seq
    START WITH 1
    INCREMENT BY 1
    NO MINVALUE
    NO MAXVALUE
    CACHE 1
);


--
-- Name: store_orderitem; Type: TABLE; Schema: public; Owner: postgres
--

CREATE TABLE public.store_orderitem (
    id bigint NOT NULL,
    quantity integer NOT NULL,
    order_id bigint NOT NULL,
    product_id bigint NOT NULL,
    CONSTRAINT store_orderitem_quantity_check CHECK ((quantity >= 0))
);


ALTER TABLE public.store_orderitem OWNER TO postgres;

--
-- Name: store_orderitem_id_seq; Type: SEQUENCE; Schema: public; Owner: postgres
--

ALTER TABLE public.store_orderitem ALTER COLUMN id ADD GENERATED BY DEFAULT AS IDENTITY (
    SEQUENCE NAME public.store_orderitem_id_seq
    START WITH 1
    INCREMENT BY 1
    NO MINVALUE
    NO MAXVALUE
    CACHE 1
);


--
-- Name: store_payment; Type: TABLE; Schema: public; Owner: postgres
--

CREATE TABLE public.store_payment (
    id bigint NOT NULL,
    amount numeric(10,2) NOT NULL,
    status character varying(20) NOT NULL,
    created_at timestamp with time zone NOT NULL,
    user_id integer NOT NULL
);


ALTER TABLE public.store_payment OWNER TO postgres;

--
-- Name: store_payment_id_seq; Type: SEQUENCE; Schema: public; Owner: postgres
--

ALTER TABLE public.store_payment ALTER COLUMN id ADD GENERATED BY DEFAULT AS IDENTITY (
    SEQUENCE NAME public.store_payment_id_seq
    START WITH 1
    INCREMENT BY 1
    NO MINVALUE
    NO MAXVALUE
    CACHE 1
);


--
-- Name: store_product; Type: TABLE; Schema: public; Owner: postgres
--

CREATE TABLE public.store_product (
    id bigint NOT NULL,
    name character varying(200) NOT NULL,
    price numeric(10,2) NOT NULL,
    photo character varying(100),
    stock integer NOT NULL,
    description text NOT NULL,
    created_at timestamp with time zone NOT NULL,
    is_available boolean NOT NULL,
    category_id bigint NOT NULL,
    CONSTRAINT store_product_stock_check CHECK ((stock >= 0))
);


ALTER TABLE public.store_product OWNER TO postgres;

--
-- Name: store_product_id_seq; Type: SEQUENCE; Schema: public; Owner: postgres
--

ALTER TABLE public.store_product ALTER COLUMN id ADD GENERATED BY DEFAULT AS IDENTITY (
    SEQUENCE NAME public.store_product_id_seq
    START WITH 1
    INCREMENT BY 1
    NO MINVALUE
    NO MAXVALUE
    CACHE 1
);


--
-- Name: store_product_images; Type: TABLE; Schema: public; Owner: postgres
--

CREATE TABLE public.store_product_images (
    id bigint NOT NULL,
    product_id bigint NOT NULL,
    productimage_id bigint NOT NULL
);


ALTER TABLE public.store_product_images OWNER TO postgres;

--
-- Name: store_product_images_id_seq; Type: SEQUENCE; Schema: public; Owner: postgres
--

ALTER TABLE public.store_product_images ALTER COLUMN id ADD GENERATED BY DEFAULT AS IDENTITY (
    SEQUENCE NAME public.store_product_images_id_seq
    START WITH 1
    INCREMENT BY 1
    NO MINVALUE
    NO MAXVALUE
    CACHE 1
);


--
-- Name: store_productimage; Type: TABLE; Schema: public; Owner: postgres
--

CREATE TABLE public.store_productimage (
    id bigint NOT NULL,
    image character varying(100) NOT NULL,
    product_id bigint NOT NULL
);


ALTER TABLE public.store_productimage OWNER TO postgres;

--
-- Name: store_productimage_id_seq; Type: SEQUENCE; Schema: public; Owner: postgres
--

ALTER TABLE public.store_productimage ALTER COLUMN id ADD GENERATED BY DEFAULT AS IDENTITY (
    SEQUENCE NAME public.store_productimage_id_seq
    START WITH 1
    INCREMENT BY 1
    NO MINVALUE
    NO MAXVALUE
    CACHE 1
);


--
-- Data for Name: auth_group; Type: TABLE DATA; Schema: public; Owner: postgres
--

COPY public.auth_group (id, name) FROM stdin;
\.


--
-- Data for Name: auth_group_permissions; Type: TABLE DATA; Schema: public; Owner: postgres
--

COPY public.auth_group_permissions (id, group_id, permission_id) FROM stdin;
\.


--
-- Data for Name: auth_permission; Type: TABLE DATA; Schema: public; Owner: postgres
--

COPY public.auth_permission (id, name, content_type_id, codename) FROM stdin;
1	Can add log entry	1	add_logentry
2	Can change log entry	1	change_logentry
3	Can delete log entry	1	delete_logentry
4	Can view log entry	1	view_logentry
5	Can add permission	3	add_permission
6	Can change permission	3	change_permission
7	Can delete permission	3	delete_permission
8	Can view permission	3	view_permission
9	Can add group	2	add_group
10	Can change group	2	change_group
11	Can delete group	2	delete_group
12	Can view group	2	view_group
13	Can add user	4	add_user
14	Can change user	4	change_user
15	Can delete user	4	delete_user
16	Can view user	4	view_user
17	Can add content type	5	add_contenttype
18	Can change content type	5	change_contenttype
19	Can delete content type	5	delete_contenttype
20	Can view content type	5	view_contenttype
21	Can add session	6	add_session
22	Can change session	6	change_session
23	Can delete session	6	delete_session
24	Can view session	6	view_session
25	Can add category	9	add_category
26	Can change category	9	change_category
27	Can delete category	9	delete_category
28	Can view category	9	view_category
29	Can add cart	7	add_cart
30	Can change cart	7	change_cart
31	Can delete cart	7	delete_cart
32	Can view cart	7	view_cart
33	Can add order	10	add_order
34	Can change order	10	change_order
35	Can delete order	10	delete_order
36	Can view order	10	view_order
37	Can add payment	12	add_payment
38	Can change payment	12	change_payment
39	Can delete payment	12	delete_payment
40	Can view payment	12	view_payment
41	Can add product	13	add_product
42	Can change product	13	change_product
43	Can delete product	13	delete_product
44	Can view product	13	view_product
45	Can add order item	11	add_orderitem
46	Can change order item	11	change_orderitem
47	Can delete order item	11	delete_orderitem
48	Can view order item	11	view_orderitem
49	Can add cart item	8	add_cartitem
50	Can change cart item	8	change_cartitem
51	Can delete cart item	8	delete_cartitem
52	Can view cart item	8	view_cartitem
53	Can add product image	14	add_productimage
54	Can change product image	14	change_productimage
55	Can delete product image	14	delete_productimage
56	Can view product image	14	view_productimage
\.


--
-- Data for Name: auth_user; Type: TABLE DATA; Schema: public; Owner: postgres
--

COPY public.auth_user (id, password, last_login, is_superuser, username, first_name, last_name, email, is_staff, is_active, date_joined) FROM stdin;
1	pbkdf2_sha256$1200000$vDgV0klUI08BZUHSWsf64Z$8N/PhXWbhPTk0nfpIuvqao71qrEmZFn9+InuJFJLp1U=	2026-03-03 13:09:01.39389+01	t	dh24			djamazar740@gmail.com	t	t	2026-02-28 21:03:42.835744+01
\.


--
-- Data for Name: auth_user_groups; Type: TABLE DATA; Schema: public; Owner: postgres
--

COPY public.auth_user_groups (id, user_id, group_id) FROM stdin;
\.


--
-- Data for Name: auth_user_user_permissions; Type: TABLE DATA; Schema: public; Owner: postgres
--

COPY public.auth_user_user_permissions (id, user_id, permission_id) FROM stdin;
\.


--
-- Data for Name: django_admin_log; Type: TABLE DATA; Schema: public; Owner: postgres
--

COPY public.django_admin_log (id, action_time, object_id, object_repr, action_flag, change_message, content_type_id, user_id) FROM stdin;
1	2026-02-28 21:05:01.31456+01	10	DH special, 	2	[{"changed": {"fields": ["Name"]}}]	9	1
2	2026-02-28 21:05:26.683304+01	10	DH🔥 special, 	2	[{"changed": {"fields": ["Name"]}}]	9	1
3	2026-02-28 21:06:17.132078+01	9	Шашлики, 	2	[{"changed": {"fields": ["Name"]}}]	9	1
4	2026-02-28 21:06:30.543331+01	8	Десерти, 	2	[{"changed": {"fields": ["Name"]}}]	9	1
5	2026-02-28 21:06:43.975274+01	7	Коктейлі, 	2	[{"changed": {"fields": ["Name"]}}]	9	1
6	2026-02-28 21:06:55.631688+01	6	Бургери, 	2	[{"changed": {"fields": ["Name"]}}]	9	1
7	2026-02-28 21:07:09.576488+01	5	Напої, 	2	[{"changed": {"fields": ["Name"]}}]	9	1
8	2026-03-02 22:02:17.631455+01	41	шаурма Яловичина, 4500.00 (Нет в наличии)	2	[{"changed": {"fields": ["Name", "Description"]}}]	13	1
9	2026-03-02 22:02:49.632331+01	40	Шаурма Сулугуні, 3500.00 (Доступен)	2	[{"changed": {"fields": ["Name", "Description"]}}]	13	1
10	2026-03-03 13:09:24.334592+01	39	Шаурма Дієтичні, 120 (Доступен)	2	[{"changed": {"fields": ["Name", "Price"]}}]	13	1
11	2026-03-03 13:09:36.453048+01	41	шаурма Яловичина, 140 (Доступен)	2	[{"changed": {"fields": ["Price", "Is available"]}}]	13	1
12	2026-03-03 13:09:44.805449+01	40	Шаурма Сулугуні, 90 (Доступен)	2	[{"changed": {"fields": ["Price"]}}]	13	1
13	2026-03-03 13:10:18.486271+01	38	Куряча шаурма, 135 (Нет в наличии)	2	[{"changed": {"fields": ["Name", "Price"]}}]	13	1
14	2026-03-03 13:10:39.68658+01	37	Люла Кебаб, 200.00 (Нет в наличии)	2	[{"changed": {"fields": ["Name"]}}]	13	1
15	2026-03-03 13:10:59.165709+01	36	Курячі шашлик, 150.00 (Доступен)	2	[{"changed": {"fields": ["Name"]}}]	13	1
16	2026-03-03 13:11:33.868205+01	35	Кебаб Лула, 160.00 (Доступен)	2	[{"changed": {"fields": ["Name", "Description"]}}]	13	1
17	2026-03-03 13:11:51.856574+01	34	барбекю з баранини, 180.00 (Доступен)	2	[{"changed": {"fields": ["Name"]}}]	13	1
18	2026-03-03 13:12:07.203367+01	29	Ягідна суміш, 120.00 (Нет в наличии)	2	[{"changed": {"fields": ["Name"]}}]	13	1
19	2026-03-03 13:12:20.119995+01	33	Мікс шашлик, 590.00 (Доступен)	2	[{"changed": {"fields": ["Name"]}}]	13	1
\.


--
-- Data for Name: django_content_type; Type: TABLE DATA; Schema: public; Owner: postgres
--

COPY public.django_content_type (id, app_label, model) FROM stdin;
1	admin	logentry
2	auth	group
3	auth	permission
4	auth	user
5	contenttypes	contenttype
6	sessions	session
7	store	cart
8	store	cartitem
9	store	category
10	store	order
11	store	orderitem
12	store	payment
13	store	product
14	store	productimage
\.


--
-- Data for Name: django_migrations; Type: TABLE DATA; Schema: public; Owner: postgres
--

COPY public.django_migrations (id, app, name, applied) FROM stdin;
1	contenttypes	0001_initial	2026-02-28 12:30:07.526232+01
2	auth	0001_initial	2026-02-28 12:30:07.562323+01
3	admin	0001_initial	2026-02-28 12:30:07.568302+01
4	admin	0002_logentry_remove_auto_add	2026-02-28 12:30:07.570641+01
5	admin	0003_logentry_add_action_flag_choices	2026-02-28 12:30:07.57265+01
6	contenttypes	0002_remove_content_type_name	2026-02-28 12:30:07.577061+01
7	auth	0002_alter_permission_name_max_length	2026-02-28 12:30:07.581424+01
8	auth	0003_alter_user_email_max_length	2026-02-28 12:30:07.583748+01
9	auth	0004_alter_user_username_opts	2026-02-28 12:30:07.58562+01
10	auth	0005_alter_user_last_login_null	2026-02-28 12:30:07.587618+01
11	auth	0006_require_contenttypes_0002	2026-02-28 12:30:07.587906+01
12	auth	0007_alter_validators_add_error_messages	2026-02-28 12:30:07.589722+01
13	auth	0008_alter_user_username_max_length	2026-02-28 12:30:07.597475+01
14	auth	0009_alter_user_last_name_max_length	2026-02-28 12:30:07.600086+01
15	auth	0010_alter_group_name_max_length	2026-02-28 12:30:07.602844+01
16	auth	0011_update_proxy_permissions	2026-02-28 12:30:07.604738+01
17	auth	0012_alter_user_first_name_max_length	2026-02-28 12:30:07.606919+01
18	sessions	0001_initial	2026-02-28 12:30:07.612147+01
19	store	0001_initial	2026-02-28 12:30:07.667374+01
\.


--
-- Data for Name: django_session; Type: TABLE DATA; Schema: public; Owner: postgres
--

COPY public.django_session (session_key, session_data, expire_date) FROM stdin;
phz5marr5oz1l6hswwscj49ez1b6zt2x	e30:1vwQLL:WfTHBEAGB-Ld4qiuqqip1WTADtmljU9LsAXLNdI90ko	2026-02-28 21:51:15.303421+01
4zi4ebk1x83pa3w4dkec34xr7ma2b3pq	.eJxVjDsOwyAQRO9CHSHAmE_K9D4Dgt0lOIlAMnYV5e6xJRdJMc28N_NmIW5rCVunJczIrkyyy2-XIjypHgAfsd4bh1bXZU78UPhJO58a0ut2un8HJfayr0kmgVIqJByMFZ48qDFqtEZ7VIBkovESPToncs4uD6D2kAAarZbAPl_1Bzid:1vwQYC:JPyk5hew59TVWLPbFFZpKUzePIZaEMF2bYA15NBeq8c	2026-02-28 22:04:32.726673+01
iqbj37a4pbxeqes2sfv29y8lwz6c40n3	e30:1vwRxk:l7c_A-FO1MyjBFut3cGK_cNsIxpxlBg7gjcbN4ADRvM	2026-02-28 23:35:00.449579+01
ok4qi4ghy3db3wwe87gr1pgmqwcmuupe	e30:1vwSR3:x8aACUjpol2S-w-KPvq9B2ytARz86Ccb_6r3fPsLY-o	2026-03-01 00:05:17.154358+01
8b9oim2cd0r14yt71qpkvga4z2j00v81	e30:1vwSSq:gS6k0VD9QtLnhNOrojXTO7O2nrwaHMH3pR_R48MoCJA	2026-03-01 00:07:08.740454+01
l45j0rdx6tmvhzcd3xtg5y4v6aiv5xxm	e30:1vx6JO:W3ujLuAfCG_Z3QddrDXwNJxT7fut8McOD_aU5d0TqlI	2026-03-02 18:40:02.837756+01
dw4ly4j15poqf2n2xwzxaoa7qd4yavz7	e30:1vx6Ss:QayAYEl2FAw1VtgKFHGN37lFa4z_Oxpq179-JUiEZgQ	2026-03-02 18:49:50.290562+01
eeguer11317rn0wro586v2thkdc6d4tl	e30:1vx7qF:RhhfS2qGlwSB1XGCQsgNpuvPXHp4gxO2AGFDo3T8VBk	2026-03-02 20:18:03.574567+01
u2mvdmyein1ryfssprjtz8wi0yz2soly	.eJxVjDsOwyAQRO9CHSHAmE_K9D4Dgt0lOIlAMnYV5e6xJRdJMc28N_NmIW5rCVunJczIrkyyy2-XIjypHgAfsd4bh1bXZU78UPhJO58a0ut2un8HJfayr0kmgVIqJByMFZ48qDFqtEZ7VIBkovESPToncs4uD6D2kAAarZbAPl_1Bzid:1vxAOT:CzT0N1KJVxdIJxggy41YNWPIf00odCP2BJrqbBwfLsE	2026-03-02 23:01:33.519203+01
tvh0ibxytei7ohfw26glza3m98bwy6lt	.eJxVjDsOwyAQRO9CHSHAmE_K9D4Dgt0lOIlAMnYV5e6xJRdJMc28N_NmIW5rCVunJczIrkyyy2-XIjypHgAfsd4bh1bXZU78UPhJO58a0ut2un8HJfayr0kmgVIqJByMFZ48qDFqtEZ7VIBkovESPToncs4uD6D2kAAarZbAPl_1Bzid:1vxNkE:3wQNfQyXxNlwWmgnGs0UWnyTXolzNR6Ne4HA6c1A1YI	2026-03-03 13:16:54.076316+01
2l5s1ilpq48x4lphkvrg1p6xkh893xok	.eJxVjDsOwyAQRO9CHSHAmE_K9D4Dgt0lOIlAMnYV5e6xJRdJMc28N_NmIW5rCVunJczIrkyyy2-XIjypHgAfsd4bh1bXZU78UPhJO58a0ut2un8HJfayr0kmgVIqJByMFZ48qDFqtEZ7VIBkovESPToncs4uD6D2kAAarZbAPl_1Bzid:1vxOYf:MSvlV2fB4M6lkakWQkIIAZCNQfpSBwV26ceFGuut7O8	2026-03-03 14:09:01.395837+01
qyb5037320a0e4yk1tubexq0kekgupfj	e30:1vxOh6:-C_Le8pXWFfg-UcG50ZcZhbJARU_ng8D2Jhu5pbHETA	2026-03-03 14:17:44.484415+01
\.


--
-- Data for Name: store_cart; Type: TABLE DATA; Schema: public; Owner: postgres
--

COPY public.store_cart (id, session_key, user_id) FROM stdin;
5	ok4qi4ghy3db3wwe87gr1pgmqwcmuupe	\N
9	8b9oim2cd0r14yt71qpkvga4z2j00v81	\N
10	iqbj37a4pbxeqes2sfv29y8lwz6c40n3	\N
11	l45j0rdx6tmvhzcd3xtg5y4v6aiv5xxm	\N
12	dw4ly4j15poqf2n2xwzxaoa7qd4yavz7	\N
14	eeguer11317rn0wro586v2thkdc6d4tl	\N
15	o4sl29451eiuk6c8vlb86cn8i8tca4r8	\N
19	\N	1
20	qyb5037320a0e4yk1tubexq0kekgupfj	\N
\.


--
-- Data for Name: store_cartitem; Type: TABLE DATA; Schema: public; Owner: postgres
--

COPY public.store_cartitem (id, quantity, cart_id, product_id) FROM stdin;
28	1	19	40
29	1	20	20
\.


--
-- Data for Name: store_category; Type: TABLE DATA; Schema: public; Owner: postgres
--

COPY public.store_category (id, name, description) FROM stdin;
10	DH🔥 special	
9	Шашлики	
8	Десерти	
7	Коктейлі	
6	Бургери	
5	Напої	
\.


--
-- Data for Name: store_order; Type: TABLE DATA; Schema: public; Owner: postgres
--

COPY public.store_order (id, recipient_name, address, phone_number, email, created_at, user_id) FROM stdin;
1	wew	wdwd	dwdw	guest@example.com	2026-02-28 20:51:23.193894+01	\N
2	jjj	kfkldjfk@mail.uz	32423423	djamazar740@gmail.com	2026-02-28 21:33:24.294469+01	1
3	jjj	kfkldjfk@mail.uz	32423423	guest@example.com	2026-02-28 23:02:32.17456+01	\N
4	jej	j	h	guest@example.com	2026-02-28 23:07:20.505559+01	\N
5	Jamoladdin	о	л	guest@example.com	2026-02-28 23:09:53.92458+01	\N
6	р	р	п	guest@example.com	2026-02-28 23:11:50.652983+01	\N
7	jjj	kfkldjfk@mail.uz	32423423	guest@example.com	2026-02-28 23:20:16.922464+01	\N
8	jjj	kfkldjfk@mail.uz	32423423	guest@example.com	2026-03-02 19:34:54.76499+01	\N
9	hhh	bbb	hhh	guest@example.com	2026-03-03 12:13:38.362202+01	\N
10	u	g	g	guest@example.com	2026-03-03 12:16:13.809825+01	\N
11	u	y	t	djamazar740@gmail.com	2026-03-03 13:06:09.388434+01	1
\.


--
-- Data for Name: store_orderitem; Type: TABLE DATA; Schema: public; Owner: postgres
--

COPY public.store_orderitem (id, quantity, order_id, product_id) FROM stdin;
1	1	1	21
2	1	2	31
3	1	3	39
4	1	3	20
5	2	3	35
6	1	4	16
7	1	4	19
8	1	5	19
9	1	6	16
10	1	7	31
11	1	8	19
12	1	9	19
13	1	10	19
14	1	11	19
\.


--
-- Data for Name: store_payment; Type: TABLE DATA; Schema: public; Owner: postgres
--

COPY public.store_payment (id, amount, status, created_at, user_id) FROM stdin;
\.


--
-- Data for Name: store_product; Type: TABLE DATA; Schema: public; Owner: postgres
--

COPY public.store_product (id, name, price, photo, stock, description, created_at, is_available, category_id) FROM stdin;
16	Double Texas	279.00	product_images/burg2xtexas.JPG	35	Каждый укус — это сочетание сочного мяса, пикантных специй и свежих овощей. Отличный выбор для тех, кто любит насыщенные вкусы! 🍔🔥	2025-05-08 15:03:15.71+02	t	6
17	Burger	200.00	product_images/burger_2.JPG	23	Обычный бургер — это классика, которая никогда не выходит из моды! 🍔	2025-05-08 15:05:07.363+02	f	6
19	Double Burger Hot	350.00	product_images/burger2x.JPG	333	Mos Burger 2X- Этот бургер предлагает насыщенный вкус с пикантными нотками, идеально подходящий для любителей острого! 🔥🍔	2025-05-08 15:08:47.078+02	t	6
20	Chiken Burger	230.00	product_images/burgerchiken.PNG	222	Чикенбургер — это вкусный и сочный бургер, где главную роль играет хрустящая куриная котлета. 🍔	2025-05-08 15:09:43.696+02	t	6
21	chiskeyk	150.00	product_images/chiskek.JPG	111	Чизкейк — это нежный и сливочный десерт, который сочетает в себе сырную начинку и песочную основу. 🍰	2025-05-08 15:11:34.516+02	t	8
22	Chokocreame	70.00	product_images/desert1.JPG	111	это нежный и насыщенный десерт,	2025-05-08 15:12:49.311+02	f	8
23	Clubnichniy	89.00	product_images/desert2.JPG	111	Клубничный торт — это нежный и ароматный десерт, который сочетает свежую клубнику, воздушные коржи и кремовую начинку. 🍓🎂	2025-05-08 15:13:45.066+02	t	8
24	Mix Desert	350.00	product_images/desertmix.JPG	111	Микс-десерт — это сочетание различных вкусов и текстур в одном блюде! 🍰🍫🍓 Он может включать фрукты, шоколад, сливки, мороженое, орехи и даже карамель.	2025-05-08 15:15:31.81+02	t	8
25	Coca-Cola 0.33	45.00	product_images/colajb25.JPG	111	Кока-Кола JB 0.33	2025-05-08 15:17:22.45+02	t	5
27	Coca-Cola 0.2	35.00	product_images/colasklo33.JPG	111	Кока-Кола shisha	2025-05-08 15:18:26.799+02	t	5
28	Fanta 1L	75.00	product_images/fanta.JPG	111	Fanta 1L	2025-05-08 15:19:27.957+02	t	5
30	Moxito	89.00	product_images/moxito.JPG	111	Этот напиток родом с Кубы и стал популярным благодаря своему свежему вкусу и легкой кислинке. Существует множество вариаций:	2025-05-08 15:22:46.931+02	f	7
31	Mix Coctails	200.00	product_images/mixcoct.JPG	111	Черничный микс — черника, йогурт, мед.\r\nМалиновый микс — малина, банан, апельсиновый сок.\r\nКлубничный микс — клубника, молоко, ваниль.	2025-05-08 15:23:38.037+02	t	7
32	Pina Calado	89.00	product_images/pinacol.JPG	111	Смузи — это густой напиток, приготовленный путем смешивания свежих или замороженных фруктов с жидкой основой, такой как молоко, йогурт или сок.	2025-05-08 15:24:37.74+02	t	7
18	Burger Hot	25000.00	product_images/burger1.JPG	2323	Moshiy Burger — это уникальный бургер с насыщенным вкусом! 🍔	2025-05-08 15:06:53.161+02	t	6
36	Курячі шашлик	150.00	product_images/shashkur.JPG	111	Шашлык из курицы — нежное мясо, маринованное в йогурте, специях и лимонном соке.	2025-05-08 15:32:46.75+02	t	9
35	Кебаб Лула	160.00	product_images/shash2.JPG	111	Наші серця палають	2025-05-08 15:32:04.423+02	t	9
39	Шаурма Дієтичні	120.00	product_images/shaurma2.JPG	111	Veganski, Falafel Lavashda	2025-05-08 15:36:12.865+02	t	10
41	шаурма Яловичина	140.00	product_images/shaurmaobich.JPG	111	Шаурма стандартна яловичина	2025-05-08 15:38:13.378+02	t	10
40	Шаурма Сулугуні	90.00	product_images/shaurma4.JPG	111	Класична шаурма + сирний сулугуні	2025-05-08 15:37:30.206+02	t	10
38	Куряча шаурма	135.00	product_images/shaurma1.JPG	111	Shaurma Oddiy, Chiken	2025-05-08 15:35:12.724+02	f	10
37	Люла Кебаб	200.00	product_images/lula1.JPG	111	Lula kebab, Adana kebab,	2025-05-08 15:33:50.955+02	f	9
34	барбекю з баранини	180.00	product_images/shash.JPG	111	Шашлык из баранины — ароматное мясо, маринованное	2025-05-08 15:31:15.655+02	t	9
29	Ягідна суміш	120.00	product_images/coct1.JPG	111	это освежающие напитки, в которых используются свежие или замороженные ягоды	2025-05-08 15:21:34.874+02	f	7
33	Мікс шашлик	590.00	product_images/shash_mix.JPG	111	🍢🔥 В микс-порции можно сочетать разные виды мяса и овощей. Вот несколько вариантов:\r\nТакой микс-порция позволит насладиться разными вкусами и текстурами. Какой вариант тебе нравится больше? 😃🔥	2025-05-08 15:26:47.86+02	t	9
\.


--
-- Data for Name: store_product_images; Type: TABLE DATA; Schema: public; Owner: postgres
--

COPY public.store_product_images (id, product_id, productimage_id) FROM stdin;
\.


--
-- Data for Name: store_productimage; Type: TABLE DATA; Schema: public; Owner: postgres
--

COPY public.store_productimage (id, image, product_id) FROM stdin;
\.


--
-- Name: auth_group_id_seq; Type: SEQUENCE SET; Schema: public; Owner: postgres
--

SELECT pg_catalog.setval('public.auth_group_id_seq', 1, false);


--
-- Name: auth_group_permissions_id_seq; Type: SEQUENCE SET; Schema: public; Owner: postgres
--

SELECT pg_catalog.setval('public.auth_group_permissions_id_seq', 1, false);


--
-- Name: auth_permission_id_seq; Type: SEQUENCE SET; Schema: public; Owner: postgres
--

SELECT pg_catalog.setval('public.auth_permission_id_seq', 56, true);


--
-- Name: auth_user_groups_id_seq; Type: SEQUENCE SET; Schema: public; Owner: postgres
--

SELECT pg_catalog.setval('public.auth_user_groups_id_seq', 1, false);


--
-- Name: auth_user_id_seq; Type: SEQUENCE SET; Schema: public; Owner: postgres
--

SELECT pg_catalog.setval('public.auth_user_id_seq', 1, true);


--
-- Name: auth_user_user_permissions_id_seq; Type: SEQUENCE SET; Schema: public; Owner: postgres
--

SELECT pg_catalog.setval('public.auth_user_user_permissions_id_seq', 1, false);


--
-- Name: django_admin_log_id_seq; Type: SEQUENCE SET; Schema: public; Owner: postgres
--

SELECT pg_catalog.setval('public.django_admin_log_id_seq', 19, true);


--
-- Name: django_content_type_id_seq; Type: SEQUENCE SET; Schema: public; Owner: postgres
--

SELECT pg_catalog.setval('public.django_content_type_id_seq', 14, true);


--
-- Name: django_migrations_id_seq; Type: SEQUENCE SET; Schema: public; Owner: postgres
--

SELECT pg_catalog.setval('public.django_migrations_id_seq', 19, true);


--
-- Name: store_cart_id_seq; Type: SEQUENCE SET; Schema: public; Owner: postgres
--

SELECT pg_catalog.setval('public.store_cart_id_seq', 20, true);


--
-- Name: store_cartitem_id_seq; Type: SEQUENCE SET; Schema: public; Owner: postgres
--

SELECT pg_catalog.setval('public.store_cartitem_id_seq', 29, true);


--
-- Name: store_category_id_seq; Type: SEQUENCE SET; Schema: public; Owner: postgres
--

SELECT pg_catalog.setval('public.store_category_id_seq', 10, true);


--
-- Name: store_order_id_seq; Type: SEQUENCE SET; Schema: public; Owner: postgres
--

SELECT pg_catalog.setval('public.store_order_id_seq', 11, true);


--
-- Name: store_orderitem_id_seq; Type: SEQUENCE SET; Schema: public; Owner: postgres
--

SELECT pg_catalog.setval('public.store_orderitem_id_seq', 14, true);


--
-- Name: store_payment_id_seq; Type: SEQUENCE SET; Schema: public; Owner: postgres
--

SELECT pg_catalog.setval('public.store_payment_id_seq', 1, false);


--
-- Name: store_product_id_seq; Type: SEQUENCE SET; Schema: public; Owner: postgres
--

SELECT pg_catalog.setval('public.store_product_id_seq', 41, true);


--
-- Name: store_product_images_id_seq; Type: SEQUENCE SET; Schema: public; Owner: postgres
--

SELECT pg_catalog.setval('public.store_product_images_id_seq', 1, false);


--
-- Name: store_productimage_id_seq; Type: SEQUENCE SET; Schema: public; Owner: postgres
--

SELECT pg_catalog.setval('public.store_productimage_id_seq', 1, false);


--
-- Name: auth_group auth_group_name_key; Type: CONSTRAINT; Schema: public; Owner: postgres
--

ALTER TABLE ONLY public.auth_group
    ADD CONSTRAINT auth_group_name_key UNIQUE (name);


--
-- Name: auth_group_permissions auth_group_permissions_group_id_permission_id_0cd325b0_uniq; Type: CONSTRAINT; Schema: public; Owner: postgres
--

ALTER TABLE ONLY public.auth_group_permissions
    ADD CONSTRAINT auth_group_permissions_group_id_permission_id_0cd325b0_uniq UNIQUE (group_id, permission_id);


--
-- Name: auth_group_permissions auth_group_permissions_pkey; Type: CONSTRAINT; Schema: public; Owner: postgres
--

ALTER TABLE ONLY public.auth_group_permissions
    ADD CONSTRAINT auth_group_permissions_pkey PRIMARY KEY (id);


--
-- Name: auth_group auth_group_pkey; Type: CONSTRAINT; Schema: public; Owner: postgres
--

ALTER TABLE ONLY public.auth_group
    ADD CONSTRAINT auth_group_pkey PRIMARY KEY (id);


--
-- Name: auth_permission auth_permission_content_type_id_codename_01ab375a_uniq; Type: CONSTRAINT; Schema: public; Owner: postgres
--

ALTER TABLE ONLY public.auth_permission
    ADD CONSTRAINT auth_permission_content_type_id_codename_01ab375a_uniq UNIQUE (content_type_id, codename);


--
-- Name: auth_permission auth_permission_pkey; Type: CONSTRAINT; Schema: public; Owner: postgres
--

ALTER TABLE ONLY public.auth_permission
    ADD CONSTRAINT auth_permission_pkey PRIMARY KEY (id);


--
-- Name: auth_user_groups auth_user_groups_pkey; Type: CONSTRAINT; Schema: public; Owner: postgres
--

ALTER TABLE ONLY public.auth_user_groups
    ADD CONSTRAINT auth_user_groups_pkey PRIMARY KEY (id);


--
-- Name: auth_user_groups auth_user_groups_user_id_group_id_94350c0c_uniq; Type: CONSTRAINT; Schema: public; Owner: postgres
--

ALTER TABLE ONLY public.auth_user_groups
    ADD CONSTRAINT auth_user_groups_user_id_group_id_94350c0c_uniq UNIQUE (user_id, group_id);


--
-- Name: auth_user auth_user_pkey; Type: CONSTRAINT; Schema: public; Owner: postgres
--

ALTER TABLE ONLY public.auth_user
    ADD CONSTRAINT auth_user_pkey PRIMARY KEY (id);


--
-- Name: auth_user_user_permissions auth_user_user_permissions_pkey; Type: CONSTRAINT; Schema: public; Owner: postgres
--

ALTER TABLE ONLY public.auth_user_user_permissions
    ADD CONSTRAINT auth_user_user_permissions_pkey PRIMARY KEY (id);


--
-- Name: auth_user_user_permissions auth_user_user_permissions_user_id_permission_id_14a6b632_uniq; Type: CONSTRAINT; Schema: public; Owner: postgres
--

ALTER TABLE ONLY public.auth_user_user_permissions
    ADD CONSTRAINT auth_user_user_permissions_user_id_permission_id_14a6b632_uniq UNIQUE (user_id, permission_id);


--
-- Name: auth_user auth_user_username_key; Type: CONSTRAINT; Schema: public; Owner: postgres
--

ALTER TABLE ONLY public.auth_user
    ADD CONSTRAINT auth_user_username_key UNIQUE (username);


--
-- Name: django_admin_log django_admin_log_pkey; Type: CONSTRAINT; Schema: public; Owner: postgres
--

ALTER TABLE ONLY public.django_admin_log
    ADD CONSTRAINT django_admin_log_pkey PRIMARY KEY (id);


--
-- Name: django_content_type django_content_type_app_label_model_76bd3d3b_uniq; Type: CONSTRAINT; Schema: public; Owner: postgres
--

ALTER TABLE ONLY public.django_content_type
    ADD CONSTRAINT django_content_type_app_label_model_76bd3d3b_uniq UNIQUE (app_label, model);


--
-- Name: django_content_type django_content_type_pkey; Type: CONSTRAINT; Schema: public; Owner: postgres
--

ALTER TABLE ONLY public.django_content_type
    ADD CONSTRAINT django_content_type_pkey PRIMARY KEY (id);


--
-- Name: django_migrations django_migrations_pkey; Type: CONSTRAINT; Schema: public; Owner: postgres
--

ALTER TABLE ONLY public.django_migrations
    ADD CONSTRAINT django_migrations_pkey PRIMARY KEY (id);


--
-- Name: django_session django_session_pkey; Type: CONSTRAINT; Schema: public; Owner: postgres
--

ALTER TABLE ONLY public.django_session
    ADD CONSTRAINT django_session_pkey PRIMARY KEY (session_key);


--
-- Name: store_cart store_cart_pkey; Type: CONSTRAINT; Schema: public; Owner: postgres
--

ALTER TABLE ONLY public.store_cart
    ADD CONSTRAINT store_cart_pkey PRIMARY KEY (id);


--
-- Name: store_cart store_cart_user_id_key; Type: CONSTRAINT; Schema: public; Owner: postgres
--

ALTER TABLE ONLY public.store_cart
    ADD CONSTRAINT store_cart_user_id_key UNIQUE (user_id);


--
-- Name: store_cartitem store_cartitem_pkey; Type: CONSTRAINT; Schema: public; Owner: postgres
--

ALTER TABLE ONLY public.store_cartitem
    ADD CONSTRAINT store_cartitem_pkey PRIMARY KEY (id);


--
-- Name: store_category store_category_pkey; Type: CONSTRAINT; Schema: public; Owner: postgres
--

ALTER TABLE ONLY public.store_category
    ADD CONSTRAINT store_category_pkey PRIMARY KEY (id);


--
-- Name: store_order store_order_pkey; Type: CONSTRAINT; Schema: public; Owner: postgres
--

ALTER TABLE ONLY public.store_order
    ADD CONSTRAINT store_order_pkey PRIMARY KEY (id);


--
-- Name: store_orderitem store_orderitem_pkey; Type: CONSTRAINT; Schema: public; Owner: postgres
--

ALTER TABLE ONLY public.store_orderitem
    ADD CONSTRAINT store_orderitem_pkey PRIMARY KEY (id);


--
-- Name: store_payment store_payment_pkey; Type: CONSTRAINT; Schema: public; Owner: postgres
--

ALTER TABLE ONLY public.store_payment
    ADD CONSTRAINT store_payment_pkey PRIMARY KEY (id);


--
-- Name: store_product_images store_product_images_pkey; Type: CONSTRAINT; Schema: public; Owner: postgres
--

ALTER TABLE ONLY public.store_product_images
    ADD CONSTRAINT store_product_images_pkey PRIMARY KEY (id);


--
-- Name: store_product_images store_product_images_product_id_productimage_id_d683c747_uniq; Type: CONSTRAINT; Schema: public; Owner: postgres
--

ALTER TABLE ONLY public.store_product_images
    ADD CONSTRAINT store_product_images_product_id_productimage_id_d683c747_uniq UNIQUE (product_id, productimage_id);


--
-- Name: store_product store_product_pkey; Type: CONSTRAINT; Schema: public; Owner: postgres
--

ALTER TABLE ONLY public.store_product
    ADD CONSTRAINT store_product_pkey PRIMARY KEY (id);


--
-- Name: store_productimage store_productimage_pkey; Type: CONSTRAINT; Schema: public; Owner: postgres
--

ALTER TABLE ONLY public.store_productimage
    ADD CONSTRAINT store_productimage_pkey PRIMARY KEY (id);


--
-- Name: auth_group_name_a6ea08ec_like; Type: INDEX; Schema: public; Owner: postgres
--

CREATE INDEX auth_group_name_a6ea08ec_like ON public.auth_group USING btree (name varchar_pattern_ops);


--
-- Name: auth_group_permissions_group_id_b120cbf9; Type: INDEX; Schema: public; Owner: postgres
--

CREATE INDEX auth_group_permissions_group_id_b120cbf9 ON public.auth_group_permissions USING btree (group_id);


--
-- Name: auth_group_permissions_permission_id_84c5c92e; Type: INDEX; Schema: public; Owner: postgres
--

CREATE INDEX auth_group_permissions_permission_id_84c5c92e ON public.auth_group_permissions USING btree (permission_id);


--
-- Name: auth_permission_content_type_id_2f476e4b; Type: INDEX; Schema: public; Owner: postgres
--

CREATE INDEX auth_permission_content_type_id_2f476e4b ON public.auth_permission USING btree (content_type_id);


--
-- Name: auth_user_groups_group_id_97559544; Type: INDEX; Schema: public; Owner: postgres
--

CREATE INDEX auth_user_groups_group_id_97559544 ON public.auth_user_groups USING btree (group_id);


--
-- Name: auth_user_groups_user_id_6a12ed8b; Type: INDEX; Schema: public; Owner: postgres
--

CREATE INDEX auth_user_groups_user_id_6a12ed8b ON public.auth_user_groups USING btree (user_id);


--
-- Name: auth_user_user_permissions_permission_id_1fbb5f2c; Type: INDEX; Schema: public; Owner: postgres
--

CREATE INDEX auth_user_user_permissions_permission_id_1fbb5f2c ON public.auth_user_user_permissions USING btree (permission_id);


--
-- Name: auth_user_user_permissions_user_id_a95ead1b; Type: INDEX; Schema: public; Owner: postgres
--

CREATE INDEX auth_user_user_permissions_user_id_a95ead1b ON public.auth_user_user_permissions USING btree (user_id);


--
-- Name: auth_user_username_6821ab7c_like; Type: INDEX; Schema: public; Owner: postgres
--

CREATE INDEX auth_user_username_6821ab7c_like ON public.auth_user USING btree (username varchar_pattern_ops);


--
-- Name: django_admin_log_content_type_id_c4bce8eb; Type: INDEX; Schema: public; Owner: postgres
--

CREATE INDEX django_admin_log_content_type_id_c4bce8eb ON public.django_admin_log USING btree (content_type_id);


--
-- Name: django_admin_log_user_id_c564eba6; Type: INDEX; Schema: public; Owner: postgres
--

CREATE INDEX django_admin_log_user_id_c564eba6 ON public.django_admin_log USING btree (user_id);


--
-- Name: django_session_expire_date_a5c62663; Type: INDEX; Schema: public; Owner: postgres
--

CREATE INDEX django_session_expire_date_a5c62663 ON public.django_session USING btree (expire_date);


--
-- Name: django_session_session_key_c0390e0f_like; Type: INDEX; Schema: public; Owner: postgres
--

CREATE INDEX django_session_session_key_c0390e0f_like ON public.django_session USING btree (session_key varchar_pattern_ops);


--
-- Name: store_cartitem_cart_id_4f60ac05; Type: INDEX; Schema: public; Owner: postgres
--

CREATE INDEX store_cartitem_cart_id_4f60ac05 ON public.store_cartitem USING btree (cart_id);


--
-- Name: store_cartitem_product_id_4238d443; Type: INDEX; Schema: public; Owner: postgres
--

CREATE INDEX store_cartitem_product_id_4238d443 ON public.store_cartitem USING btree (product_id);


--
-- Name: store_order_user_id_ae5f7a5f; Type: INDEX; Schema: public; Owner: postgres
--

CREATE INDEX store_order_user_id_ae5f7a5f ON public.store_order USING btree (user_id);


--
-- Name: store_orderitem_order_id_acf8722d; Type: INDEX; Schema: public; Owner: postgres
--

CREATE INDEX store_orderitem_order_id_acf8722d ON public.store_orderitem USING btree (order_id);


--
-- Name: store_orderitem_product_id_f2b098d4; Type: INDEX; Schema: public; Owner: postgres
--

CREATE INDEX store_orderitem_product_id_f2b098d4 ON public.store_orderitem USING btree (product_id);


--
-- Name: store_payment_user_id_5edbc869; Type: INDEX; Schema: public; Owner: postgres
--

CREATE INDEX store_payment_user_id_5edbc869 ON public.store_payment USING btree (user_id);


--
-- Name: store_product_category_id_574bae65; Type: INDEX; Schema: public; Owner: postgres
--

CREATE INDEX store_product_category_id_574bae65 ON public.store_product USING btree (category_id);


--
-- Name: store_product_images_product_id_3cbe6160; Type: INDEX; Schema: public; Owner: postgres
--

CREATE INDEX store_product_images_product_id_3cbe6160 ON public.store_product_images USING btree (product_id);


--
-- Name: store_product_images_productimage_id_0f4efa4d; Type: INDEX; Schema: public; Owner: postgres
--

CREATE INDEX store_product_images_productimage_id_0f4efa4d ON public.store_product_images USING btree (productimage_id);


--
-- Name: store_productimage_product_id_e50e4046; Type: INDEX; Schema: public; Owner: postgres
--

CREATE INDEX store_productimage_product_id_e50e4046 ON public.store_productimage USING btree (product_id);


--
-- Name: auth_group_permissions auth_group_permissio_permission_id_84c5c92e_fk_auth_perm; Type: FK CONSTRAINT; Schema: public; Owner: postgres
--

ALTER TABLE ONLY public.auth_group_permissions
    ADD CONSTRAINT auth_group_permissio_permission_id_84c5c92e_fk_auth_perm FOREIGN KEY (permission_id) REFERENCES public.auth_permission(id) DEFERRABLE INITIALLY DEFERRED;


--
-- Name: auth_group_permissions auth_group_permissions_group_id_b120cbf9_fk_auth_group_id; Type: FK CONSTRAINT; Schema: public; Owner: postgres
--

ALTER TABLE ONLY public.auth_group_permissions
    ADD CONSTRAINT auth_group_permissions_group_id_b120cbf9_fk_auth_group_id FOREIGN KEY (group_id) REFERENCES public.auth_group(id) DEFERRABLE INITIALLY DEFERRED;


--
-- Name: auth_permission auth_permission_content_type_id_2f476e4b_fk_django_co; Type: FK CONSTRAINT; Schema: public; Owner: postgres
--

ALTER TABLE ONLY public.auth_permission
    ADD CONSTRAINT auth_permission_content_type_id_2f476e4b_fk_django_co FOREIGN KEY (content_type_id) REFERENCES public.django_content_type(id) DEFERRABLE INITIALLY DEFERRED;


--
-- Name: auth_user_groups auth_user_groups_group_id_97559544_fk_auth_group_id; Type: FK CONSTRAINT; Schema: public; Owner: postgres
--

ALTER TABLE ONLY public.auth_user_groups
    ADD CONSTRAINT auth_user_groups_group_id_97559544_fk_auth_group_id FOREIGN KEY (group_id) REFERENCES public.auth_group(id) DEFERRABLE INITIALLY DEFERRED;


--
-- Name: auth_user_groups auth_user_groups_user_id_6a12ed8b_fk_auth_user_id; Type: FK CONSTRAINT; Schema: public; Owner: postgres
--

ALTER TABLE ONLY public.auth_user_groups
    ADD CONSTRAINT auth_user_groups_user_id_6a12ed8b_fk_auth_user_id FOREIGN KEY (user_id) REFERENCES public.auth_user(id) DEFERRABLE INITIALLY DEFERRED;


--
-- Name: auth_user_user_permissions auth_user_user_permi_permission_id_1fbb5f2c_fk_auth_perm; Type: FK CONSTRAINT; Schema: public; Owner: postgres
--

ALTER TABLE ONLY public.auth_user_user_permissions
    ADD CONSTRAINT auth_user_user_permi_permission_id_1fbb5f2c_fk_auth_perm FOREIGN KEY (permission_id) REFERENCES public.auth_permission(id) DEFERRABLE INITIALLY DEFERRED;


--
-- Name: auth_user_user_permissions auth_user_user_permissions_user_id_a95ead1b_fk_auth_user_id; Type: FK CONSTRAINT; Schema: public; Owner: postgres
--

ALTER TABLE ONLY public.auth_user_user_permissions
    ADD CONSTRAINT auth_user_user_permissions_user_id_a95ead1b_fk_auth_user_id FOREIGN KEY (user_id) REFERENCES public.auth_user(id) DEFERRABLE INITIALLY DEFERRED;


--
-- Name: django_admin_log django_admin_log_content_type_id_c4bce8eb_fk_django_co; Type: FK CONSTRAINT; Schema: public; Owner: postgres
--

ALTER TABLE ONLY public.django_admin_log
    ADD CONSTRAINT django_admin_log_content_type_id_c4bce8eb_fk_django_co FOREIGN KEY (content_type_id) REFERENCES public.django_content_type(id) DEFERRABLE INITIALLY DEFERRED;


--
-- Name: django_admin_log django_admin_log_user_id_c564eba6_fk_auth_user_id; Type: FK CONSTRAINT; Schema: public; Owner: postgres
--

ALTER TABLE ONLY public.django_admin_log
    ADD CONSTRAINT django_admin_log_user_id_c564eba6_fk_auth_user_id FOREIGN KEY (user_id) REFERENCES public.auth_user(id) DEFERRABLE INITIALLY DEFERRED;


--
-- Name: store_cart store_cart_user_id_99e99107_fk_auth_user_id; Type: FK CONSTRAINT; Schema: public; Owner: postgres
--

ALTER TABLE ONLY public.store_cart
    ADD CONSTRAINT store_cart_user_id_99e99107_fk_auth_user_id FOREIGN KEY (user_id) REFERENCES public.auth_user(id) DEFERRABLE INITIALLY DEFERRED;


--
-- Name: store_cartitem store_cartitem_cart_id_4f60ac05_fk_store_cart_id; Type: FK CONSTRAINT; Schema: public; Owner: postgres
--

ALTER TABLE ONLY public.store_cartitem
    ADD CONSTRAINT store_cartitem_cart_id_4f60ac05_fk_store_cart_id FOREIGN KEY (cart_id) REFERENCES public.store_cart(id) DEFERRABLE INITIALLY DEFERRED;


--
-- Name: store_cartitem store_cartitem_product_id_4238d443_fk_store_product_id; Type: FK CONSTRAINT; Schema: public; Owner: postgres
--

ALTER TABLE ONLY public.store_cartitem
    ADD CONSTRAINT store_cartitem_product_id_4238d443_fk_store_product_id FOREIGN KEY (product_id) REFERENCES public.store_product(id) DEFERRABLE INITIALLY DEFERRED;


--
-- Name: store_order store_order_user_id_ae5f7a5f_fk_auth_user_id; Type: FK CONSTRAINT; Schema: public; Owner: postgres
--

ALTER TABLE ONLY public.store_order
    ADD CONSTRAINT store_order_user_id_ae5f7a5f_fk_auth_user_id FOREIGN KEY (user_id) REFERENCES public.auth_user(id) DEFERRABLE INITIALLY DEFERRED;


--
-- Name: store_orderitem store_orderitem_order_id_acf8722d_fk_store_order_id; Type: FK CONSTRAINT; Schema: public; Owner: postgres
--

ALTER TABLE ONLY public.store_orderitem
    ADD CONSTRAINT store_orderitem_order_id_acf8722d_fk_store_order_id FOREIGN KEY (order_id) REFERENCES public.store_order(id) DEFERRABLE INITIALLY DEFERRED;


--
-- Name: store_orderitem store_orderitem_product_id_f2b098d4_fk_store_product_id; Type: FK CONSTRAINT; Schema: public; Owner: postgres
--

ALTER TABLE ONLY public.store_orderitem
    ADD CONSTRAINT store_orderitem_product_id_f2b098d4_fk_store_product_id FOREIGN KEY (product_id) REFERENCES public.store_product(id) DEFERRABLE INITIALLY DEFERRED;


--
-- Name: store_payment store_payment_user_id_5edbc869_fk_auth_user_id; Type: FK CONSTRAINT; Schema: public; Owner: postgres
--

ALTER TABLE ONLY public.store_payment
    ADD CONSTRAINT store_payment_user_id_5edbc869_fk_auth_user_id FOREIGN KEY (user_id) REFERENCES public.auth_user(id) DEFERRABLE INITIALLY DEFERRED;


--
-- Name: store_product store_product_category_id_574bae65_fk_store_category_id; Type: FK CONSTRAINT; Schema: public; Owner: postgres
--

ALTER TABLE ONLY public.store_product
    ADD CONSTRAINT store_product_category_id_574bae65_fk_store_category_id FOREIGN KEY (category_id) REFERENCES public.store_category(id) DEFERRABLE INITIALLY DEFERRED;


--
-- Name: store_product_images store_product_images_product_id_3cbe6160_fk_store_product_id; Type: FK CONSTRAINT; Schema: public; Owner: postgres
--

ALTER TABLE ONLY public.store_product_images
    ADD CONSTRAINT store_product_images_product_id_3cbe6160_fk_store_product_id FOREIGN KEY (product_id) REFERENCES public.store_product(id) DEFERRABLE INITIALLY DEFERRED;


--
-- Name: store_product_images store_product_images_productimage_id_0f4efa4d_fk_store_pro; Type: FK CONSTRAINT; Schema: public; Owner: postgres
--

ALTER TABLE ONLY public.store_product_images
    ADD CONSTRAINT store_product_images_productimage_id_0f4efa4d_fk_store_pro FOREIGN KEY (productimage_id) REFERENCES public.store_productimage(id) DEFERRABLE INITIALLY DEFERRED;


--
-- Name: store_productimage store_productimage_product_id_e50e4046_fk_store_product_id; Type: FK CONSTRAINT; Schema: public; Owner: postgres
--

ALTER TABLE ONLY public.store_productimage
    ADD CONSTRAINT store_productimage_product_id_e50e4046_fk_store_product_id FOREIGN KEY (product_id) REFERENCES public.store_product(id) DEFERRABLE INITIALLY DEFERRED;


--
-- PostgreSQL database dump complete
--

